93, Brian, Boulevard, Brian Boulevard, Flamborough, City of Hamilton, Ontario, Canada, L8B 0C8
248, Pinehill, Drive, Pinehill Drive, Glanbrook, City of Hamilton, Ontario, Canada, L0R 1P0
117, Marion, Street, Marion Street, Glanbrook, City of Hamilton, Ontario, Canada, L0R 1W0
30, Fair, Street, Fair Street, Ancaster, City of Hamilton, Ontario, Canada, L9K 0A6
33, Seabrooke, Drive, Seabrooke Drive, Hamilton, City of Hamilton, Ontario, Canada, L8E 1N3
181, Briar Hill, Crescent, Briar Hill Crescent, Ancaster, City of Hamilton, Ontario, Canada, L9G 3P5
38, Glenvale, Drive, Glenvale Drive, Hamilton, City of Hamilton, Ontario, Canada, L9C 2X6
12, Ackland, Street, Ackland Street, Stoney Creek, City of Hamilton, Ontario, Canada, L8J 1H7
350, East 18th, Street, East 18th Street, Hamilton, City of Hamilton, Ontario, Canada, L9A 4P9
129, Glen Castle, Drive, Glen Castle Drive, Hamilton, City of Hamilton, Ontario, Canada, L8K 5Z7
5, Cortina, Crescent, Cortina Crescent, Hamilton, City of Hamilton, Ontario, Canada, L8K 4K3
49, Upper Walker, Avenue, Upper Walker Avenue, Stoney Creek, City of Hamilton, Ontario, Canada, L8G 1S9
5, Brae Crest, Drive, Brae Crest Drive, Stoney Creek, City of Hamilton, Ontario, Canada, L8G 3A5
77, 601, Governor's, Road, Governor's Road, Dundas, City of Hamilton, Ontario, Canada, L9H 7N8
26, Galaxy, Boulevard, Galaxy Boulevard, Flamborough, City of Hamilton, Ontario, Canada, L8B 0Z7
376, Avondale, Street, Avondale Street, Hamilton, City of Hamilton, Ontario, Canada, L8L 7C6
566, 52, Southridge, Drive, Southridge Drive, Hamilton, City of Hamilton, Ontario, Canada, L9C 7W5
22, West Park, Avenue, West Park Avenue, Hamilton, City of Hamilton, Ontario, Canada, L8S 3M3
63, Kendrick, Court, Kendrick Court, Ancaster, City of Hamilton, Ontario, Canada, L9G 5A5
254, Jacqueline, Boulevard, Jacqueline Boulevard, Hamilton, City of Hamilton, Ontario, Canada, L9B 2V7
23, Grande, Avenue, Grande Avenue, Stoney Creek, City of Hamilton, Ontario, Canada, L8G 2C9
12, Cresthaven, Drive, Cresthaven Drive, Stoney Creek, City of Hamilton, Ontario, Canada, L8E 4S4
23, Newton, Avenue, Newton Avenue, Hamilton, City of Hamilton, Ontario, Canada, L8S 1V6
43, Camp, Drive, Camp Drive, Ancaster, City of Hamilton, Ontario, Canada, L9K 0A5
82, Meadow Wood, Crescent, Meadow Wood Crescent, Stoney Creek, City of Hamilton, Ontario, Canada, L8J 3Z8
53, Candlewood, Court, Candlewood Court, Stoney Creek, City of Hamilton, Ontario, Canada, L8J 0C4
42, Fairview, Avenue, Fairview Avenue, Hamilton, City of Hamilton, Ontario, Canada, L8L 7B4
552, Main, Street, East, Main Street East, Hamilton, City of Hamilton, Ontario, Canada, L8M 1J1
105, Chamomile, Drive, Chamomile Drive, Hamilton, City of Hamilton, Ontario, Canada, L8W 0B9
67, Hawkswood, Trail, Hawkswood Trail, Hamilton, City of Hamilton, Ontario, Canada, L9B 2R4
250, San Francisco, Avenue, San Francisco Avenue, Hamilton, City of Hamilton, Ontario, Canada, L9C 5N9
87, Folkestone, Avenue, Folkestone Avenue, Hamilton, City of Hamilton, Ontario, Canada, L8V 4N1
175, Rosslyn, Avenue, South, Rosslyn Avenue South, Hamilton, City of Hamilton, Ontario, Canada, L8M 3J4
157, Fairfield, Avenue, Fairfield Avenue, Hamilton, City of Hamilton, Ontario, Canada, L8H 5H3
44, James, Avenue, James Avenue, Stoney Creek, City of Hamilton, Ontario, Canada, L8G 3K4
2058, Barton, Street, East, Barton Street East, Hamilton, City of Hamilton, Ontario, Canada, L8H 2Z4
2, King, Street, East, King Street East, Dundas, City of Hamilton, Ontario, Canada, L9H 1B8
380, Highland, Road, West, Highland Road West, Stoney Creek, City of Hamilton, Ontario, Canada, L8J 3W3
345, Jacqueline, Boulevard, Jacqueline Boulevard, Hamilton, City of Hamilton, Ontario, Canada, L9B 2W6
215, Glencairn, Avenue, Glencairn Avenue, Hamilton, City of Hamilton, Ontario, Canada, L8K 3P1
51, Dydzak, Court, Dydzak Court, Hamilton, City of Hamilton, Ontario, Canada, L9B 1W1
68, Hepburn, Crescent, Hepburn Crescent, Hamilton, City of Hamilton, Ontario, Canada, L9C 7S5
268, Hunter, Street, West, Hunter Street West, Hamilton, City of Hamilton, Ontario, Canada, L8P 1S3
110, Hanover, Place, Hanover Place, Hamilton, City of Hamilton, Ontario, Canada, L8K 5X6
49, Upper Lake, Avenue, Upper Lake Avenue, Stoney Creek, City of Hamilton, Ontario, Canada, L8G 2V3
58, Orr, Crescent, Orr Crescent, Stoney Creek, City of Hamilton, Ontario, Canada, L8G 5C5
692, Concession 8, West, Concession 8 West, Flamborough, City of Hamilton, Ontario, Canada, N0B 2J0
1385, Cooper, Road, Cooper Road, Flamborough, City of Hamilton, Ontario, Canada, N1R 5S2
27, Pentland, Road, Pentland Road, Flamborough, City of Hamilton, Ontario, Canada, L8B 0P6
77, Christopher, Drive, Christopher Drive, Hamilton, City of Hamilton, Ontario, Canada, L9B 1G6
47, Passmore, Street, Passmore Street, Stoney Creek, City of Hamilton, Ontario, Canada, L8G 3J8
273, Montreal, Circle, Montreal Circle, Stoney Creek, City of Hamilton, Ontario, Canada, L8E 0C6
102, Lover's, Lane, Lover's Lane, Ancaster, City of Hamilton, Ontario, Canada, L9G 1G7
681, Hall, Road, Hall Road, Glanbrook, City of Hamilton, Ontario, Canada, L0R 1C0
50, Amore, Boulevard, Amore Boulevard, Hamilton, City of Hamilton, Ontario, Canada, L9B 2V3
25, Sarasota, Avenue, Sarasota Avenue, Hamilton, City of Hamilton, Ontario, Canada, L9C 3X1
1232, 4, Upper Gage, Avenue, Upper Gage Avenue, Hamilton, City of Hamilton, Ontario, Canada, L8W 1E4
60, Pottruff, Road, South, Pottruff Road South, Hamilton, City of Hamilton, Ontario, Canada, L8K 3Z8
46, Catalina, Drive, Catalina Drive, Hamilton, City of Hamilton, Ontario, Canada, L8G 2M5
31, Leslie, Drive, Leslie Drive, Stoney Creek, City of Hamilton, Ontario, Canada, L8G 2R1
18, Southmeadow, Crescent, Southmeadow Crescent, Stoney Creek, City of Hamilton, Ontario, Canada, L8G 3E5
62, Creighton, Road, Creighton Road, Dundas, City of Hamilton, Ontario, Canada, L9H 3B6
179, Moorland, Crescent, Moorland Crescent, Ancaster, City of Hamilton, Ontario, Canada, L9K 1P1
20, Kildonan, Crescent, Kildonan Crescent, Flamborough, City of Hamilton, Ontario, Canada, L8B 0K3
766, Burlington, Street, East, Burlington Street East, Hamilton, City of Hamilton, Ontario, Canada, L8L 4K3
1, King, Street, West, King Street West, Stoney Creek, City of Hamilton, Ontario, Canada, L8G 1G7
372, Lodor, Street, Lodor Street, Ancaster, City of Hamilton, Ontario, Canada, L9G 2Z6
8, Jerseyville, Road, West, Jerseyville Road West, Ancaster, City of Hamilton, Ontario, Canada, L9G 1A2
40, Davis, Crescent, Davis Crescent, Hamilton, City of Hamilton, Ontario, Canada, L8J 3X6
96, Darlington, Drive, Darlington Drive, Hamilton, City of Hamilton, Ontario, Canada, L9C 2L9
75, Hunter, Street, East, Hunter Street East, Hamilton, City of Hamilton, Ontario, Canada, L8N 1M4
508, Queensdale, Avenue, East, Queensdale Avenue East, Hamilton, City of Hamilton, Ontario, Canada, L8V 1K8
51, Weir, Street, South, Weir Street South, Hamilton, City of Hamilton, Ontario, Canada, L8K 3A3
7, Orlanda, Road, Orlanda Road, Stoney Creek, City of Hamilton, Ontario, Canada, L8G 2J9
19, Worsley, Street, Worsley Street, Stoney Creek, City of Hamilton, Ontario, Canada, L8E 2E8
39, Strathcona, Avenue, South, Strathcona Avenue South, Hamilton, City of Hamilton, Ontario, Canada, L8P 4J1
220, Bradley, Avenue, Bradley Avenue, Glanbrook, City of Hamilton, Ontario, Canada, L0R 1C0
43, Pelham, Drive, Pelham Drive, Ancaster, City of Hamilton, Ontario, Canada, L9K 1L4
180, Woodhaven, Place, Woodhaven Place, Hamilton, City of Hamilton, Ontario, Canada, L8W 3B1
474, Cannon, Street, East, Cannon Street East, Hamilton, City of Hamilton, Ontario, Canada, L8L 2E2
154, Coronation, Avenue, Coronation Avenue, Hamilton, City of Hamilton, Ontario, Canada, L8K 1Z1
54, Ironwood, Crescent, Ironwood Crescent, Hamilton, City of Hamilton, Ontario, Canada, L8W 3B8
176, Sirente, Drive, Sirente Drive, Hamilton, City of Hamilton, Ontario, Canada, L9A 5H1
5, Clearwater, Drive, Clearwater Drive, Hamilton, City of Hamilton, Ontario, Canada, L9C 2K1
97, Markson, Crescent, Markson Crescent, Hamilton, City of Hamilton, Ontario, Canada, L8T 4W3
944, Lawrence, Road, Lawrence Road, Hamilton, City of Hamilton, Ontario, Canada, L8K 2A6
54, Barnesdale, Avenue, North, Barnesdale Avenue North, Hamilton, City of Hamilton, Ontario, Canada, L8L 6S1
614, Waterloo, Street, Waterloo Street, Hamilton, City of Hamilton, Ontario, Canada, L8H 6V5
16, Chelsea, Crescent, Chelsea Crescent, Stoney Creek, City of Hamilton, Ontario, Canada, L8E 5N3
8, Woodbank, Street, Woodbank Street, Stoney Creek, City of Hamilton, Ontario, Canada, L8J 3Y5
908, 408, Mohawk, Road, East, Mohawk Road East, Hamilton, City of Hamilton, Ontario, Canada, L8T 2R8
54, West 22nd, Street, West 22nd Street, Hamilton, City of Hamilton, Ontario, Canada, L9C 4N6
12, Redwood, Court, Redwood Court, Stoney Creek, City of Hamilton, Ontario, Canada, L8G 2Y4
374, St. Andrews, Drive, St. Andrews Drive, Hamilton, City of Hamilton, Ontario, Canada, L8K 5K7
8, Crawford, Court, Crawford Court, Dundas, City of Hamilton, Ontario, Canada, L9H 6G2
15, Hussar, Avenue, Hussar Avenue, Hamilton, City of Hamilton, Ontario, Canada, L9B 1Y9
347, Greencedar, Drive, Greencedar Drive, Hamilton, City of Hamilton, Ontario, Canada, L9C 7K6
20, Beacon, Avenue, Beacon Avenue, Hamilton, City of Hamilton, Ontario, Canada, L8T 2N3
56, Berrisfield, Crescent, Berrisfield Crescent, Hamilton, City of Hamilton, Ontario, Canada, L8T 4X1
154, Gage, Avenue, North, Gage Avenue North, Hamilton, City of Hamilton, Ontario, Canada, L8L 7A4